RequestType,StartTime,Latency,StatusCode
1645254654795,POST,320,201
1645254654795,POST,325,201
1645254654795,POST,327,201
1645254654795,POST,327,201
1645254655115,POST,91,201
1645254655122,POST,85,201
1645254655120,POST,87,201
1645254655122,POST,109,201
1645254655206,POST,63,201
1645254655207,POST,68,201
1645254655207,POST,68,201
1645254655231,POST,59,201
1645254655269,POST,74,201
1645254655275,POST,84,201
1645254655275,POST,84,201
1645254655290,POST,70,201
1645254655343,POST,87,201
1645254655359,POST,76,201
1645254655360,POST,83,201
1645254655359,POST,92,201
1645254655430,POST,76,201
1645254655435,POST,88,201
1645254655451,POST,73,201
1645254655443,POST,94,201
1645254655506,POST,74,201
1645254655523,POST,86,201
1645254655524,POST,92,201
1645254655537,POST,98,201
1645254655580,POST,88,201
1645254655609,POST,67,201
1645254655616,POST,94,201
1645254655635,POST,81,201
1645254655668,POST,83,201
1645254655676,POST,80,201
1645254655710,POST,77,201
1645254655716,POST,83,201
1645254655751,POST,66,201
1645254655756,POST,80,201
1645254655787,POST,81,201
1645254655799,POST,80,201
1645254655817,POST,73,201
1645254655836,POST,67,201
1645254655868,POST,73,201
1645254655879,POST,78,201
1645254655890,POST,69,201
1645254655903,POST,68,201
1645254655941,POST,78,201
1645254655957,POST,67,201
1645254655959,POST,72,201
1645254655971,POST,63,201
1645254656024,POST,60,201
1645254656019,POST,69,201
1645254656034,POST,72,201
1645254656031,POST,81,201
1645254656088,POST,66,201
1645254656084,POST,75,201
1645254656112,POST,73,201
1645254656106,POST,82,201
1645254656154,POST,78,201
1645254656159,POST,89,201
1645254656185,POST,72,201
1645254656188,POST,74,201
1645254656232,POST,71,201
1645254656249,POST,71,201
1645254656257,POST,86,201
1645254656262,POST,89,201
1645254656303,POST,81,201
1645254656320,POST,86,201
1645254656343,POST,76,201
1645254656351,POST,72,201
1645254656384,POST,83,201
1645254656423,POST,67,201
1645254656406,POST,88,201
1645254656419,POST,81,201
1645254656467,POST,78,201
1645254656500,POST,80,201
1645254656490,POST,90,201
1645254656494,POST,93,201
1645254656545,POST,74,201
1645254656587,POST,73,201
1645254656580,POST,80,201
1645254656580,POST,80,201
1645254656619,POST,88,201
1645254656660,POST,83,201
1645254656660,POST,83,201
1645254656660,POST,88,201
1645254656707,POST,75,201
1645254656743,POST,79,201
1645254656748,POST,79,201
1645254656743,POST,94,201
1645254656782,POST,70,201
1645254656822,POST,71,201
1645254656827,POST,70,201
1645254656837,POST,65,201
1645254656852,POST,79,201
1645254656893,POST,65,201
1645254656897,POST,77,201
1645254656902,POST,79,201
1645254656931,POST,77,201
1645254656958,POST,84,201
1645254656974,POST,71,201
1645254656981,POST,76,201
1645254657008,POST,67,201
1645254657042,POST,73,201
1645254657045,POST,70,201
1645254657057,POST,65,201
1645254657075,POST,84,201
1645254657115,POST,72,201
1645254657115,POST,72,201
1645254657122,POST,93,201
1645254657159,POST,90,201
1645254657187,POST,80,201
1645254657187,POST,86,201
1645254657215,POST,70,201
1645254657249,POST,83,201
1645254657267,POST,90,201
1645254657273,POST,105,201
1645254657285,POST,93,201
1645254657332,POST,95,201
1645254657378,POST,87,201
1645254657357,POST,108,201
1645254657378,POST,88,201
1645254657427,POST,71,201
1645254657466,POST,68,201
1645254657465,POST,74,201
1645254657465,POST,81,201
1645254657498,POST,73,201
1645254657539,POST,82,201
1645254657534,POST,87,201
1645254657546,POST,77,201
1645254657571,POST,78,201
1645254657623,POST,65,201
1645254657621,POST,67,201
1645254657621,POST,77,201
1645254657649,POST,74,201
1645254657688,POST,67,201
1645254657688,POST,67,201
1645254657698,POST,85,201
1645254657723,POST,79,201
1645254657755,POST,71,201
1645254657755,POST,71,201
1645254657783,POST,87,201
1645254657802,POST,76,201
1645254657826,POST,74,201
1645254657826,POST,77,201
1645254657870,POST,70,201
1645254657878,POST,76,201
1645254657903,POST,68,201
1645254657900,POST,71,201
1645254657940,POST,63,201
1645254657954,POST,77,201
1645254657971,POST,65,201
1645254657971,POST,72,201
1645254658003,POST,70,201
1645254658031,POST,75,201
1645254658036,POST,75,201
1645254658043,POST,69,201
1645254658073,POST,70,201
1645254658106,POST,65,201
1645254658112,POST,71,201
1645254658111,POST,81,201
1645254658143,POST,68,201
1645254658171,POST,78,201
1645254658183,POST,74,201
1645254658192,POST,84,201
1645254658211,POST,69,201
1645254658249,POST,74,201
1645254658257,POST,73,201
1645254658276,POST,72,201
1645254658280,POST,74,201
1645254658323,POST,69,201
1645254658330,POST,63,201
1645254658354,POST,64,201
1645254658348,POST,77,201
1645254658393,POST,88,201
1645254658392,POST,89,201
1645254658418,POST,66,201
1645254658425,POST,78,201
1645254658484,POST,65,201
1645254658481,POST,68,201
1645254658481,POST,75,201
1645254658503,POST,79,201
1645254658549,POST,72,201
1645254658549,POST,72,201
1645254658556,POST,71,201
1645254658582,POST,80,201
1645254658621,POST,69,201
1645254658627,POST,70,201
1645254658621,POST,86,201
1645254658662,POST,90,201
1645254658690,POST,68,201
1645254658697,POST,71,201
1645254658707,POST,77,201
1645254658752,POST,63,201
1645254658768,POST,74,201
1645254658758,POST,84,201
1645254658784,POST,83,201
1645254658815,POST,88,201
1645254658842,POST,64,201
1645254658842,POST,68,201
1645254658867,POST,82,201
1645254658949,POST,82,201
1645254658910,POST,121,201
1645254658906,POST,126,201
1645254658903,POST,129,201
1645254659031,POST,94,201
1645254659032,POST,93,201
1645254659033,POST,99,201
1645254659031,POST,103,201
1645254659132,POST,80,201
1645254659134,POST,78,201
1645254659125,POST,94,201
1645254659125,POST,95,201
1645254659220,POST,79,201
1645254659212,POST,87,201
1645254659212,POST,87,201
1645254659219,POST,84,201
1645254659299,POST,65,201
1645254659299,POST,88,201
1645254659303,POST,88,201
1645254659299,POST,95,201
1645254659364,POST,67,201
1645254659391,POST,81,201
1645254659394,POST,78,201
1645254659387,POST,93,201
1645254659432,POST,82,201
1645254659472,POST,73,201
1645254659480,POST,71,201
1645254659472,POST,79,201
1645254659514,POST,75,201
1645254659545,POST,71,201
1645254659551,POST,74,201
1645254659551,POST,79,201
1645254659589,POST,80,201
1645254659616,POST,75,201
1645254659625,POST,79,201
1645254659630,POST,83,201
1645254659669,POST,85,201
1645254659691,POST,82,201
1645254659704,POST,93,201
1645254659713,POST,92,201
1645254659754,POST,83,201
1645254659773,POST,69,201
1645254659797,POST,70,201
1645254659805,POST,83,201
1645254659837,POST,71,201
1645254659842,POST,85,201
1645254659867,POST,83,201
1645254659888,POST,69,201
1645254659909,POST,77,201
1645254659927,POST,70,201
1645254659950,POST,81,201
1645254659957,POST,77,201
1645254659997,POST,72,201
1645254659986,POST,90,201
1645254660031,POST,79,201
1645254660034,POST,86,201
1645254660069,POST,72,201
1645254660076,POST,77,201
1645254660110,POST,84,201
1645254660120,POST,79,201
1645254660141,POST,93,201
1645254660153,POST,82,201
1645254660194,POST,78,201
1645254660199,POST,73,201
1645254660234,POST,83,201
1645254660235,POST,82,201
1645254660272,POST,78,201
1645254660272,POST,78,201
1645254660317,POST,69,201
1645254660317,POST,93,201
1645254660350,POST,75,201
1645254660350,POST,81,201
1645254660386,POST,79,201
1645254660410,POST,67,201
1645254660431,POST,68,201
1645254660425,POST,75,201
1645254660465,POST,79,201
1645254660477,POST,82,201
1645254660500,POST,75,201
1645254660499,POST,94,201
1645254660544,POST,88,201
1645254660559,POST,88,201
1645254660575,POST,79,201
1645254660593,POST,81,201
1645254660632,POST,84,201
1645254660654,POST,81,201
1645254660647,POST,88,201
1645254660674,POST,83,201
1645254660716,POST,83,201
1645254660735,POST,70,201
1645254660735,POST,80,201
1645254660757,POST,100,201
1645254660799,POST,74,201
1645254660815,POST,69,201
1645254660805,POST,87,201
1645254660857,POST,63,201
1645254660873,POST,81,201
1645254660884,POST,75,201
1645254660892,POST,75,201
1645254660920,POST,73,201
1645254660959,POST,72,201
1645254660954,POST,83,201
1645254660967,POST,83,201
1645254660993,POST,79,201
1645254661031,POST,71,201
1645254661050,POST,68,201
1645254661037,POST,85,201
1645254661072,POST,85,201
1645254661102,POST,75,201
1645254661122,POST,77,201
1645254661118,POST,81,201
1645254661157,POST,115,201
1645254661177,POST,152,201
1645254661199,POST,132,201
1645254661199,POST,133,201
1645254661272,POST,99,201
1645254661332,POST,72,201
1645254661331,POST,73,201
1645254661329,POST,84,201
1645254661371,POST,76,201
1645254661404,POST,78,201
1645254661404,POST,78,201
1645254661413,POST,92,201
1645254661447,POST,104,201
1645254661482,POST,92,201
1645254661482,POST,97,201
1645254661505,POST,85,201
1645254661551,POST,70,201
1645254661574,POST,65,201
1645254661579,POST,72,201
1645254661590,POST,69,201
1645254661621,POST,72,201
1645254661651,POST,84,201
1645254661639,POST,98,201
1645254661659,POST,79,201
1645254661693,POST,109,201
1645254661735,POST,95,201
1645254661737,POST,111,201
1645254661738,POST,151,201
1645254661848,POST,88,201
1645254661830,POST,108,201
1645254661802,POST,141,201
1645254661889,POST,83,201
1645254661938,POST,76,201
1645254661936,POST,85,201
1645254661943,POST,98,201
1645254661972,POST,95,201
1645254662021,POST,82,201
1645254662041,POST,73,201
1645254662014,POST,105,201
1645254662067,POST,86,201
1645254662103,POST,65,201
1645254662114,POST,67,201
1645254662119,POST,92,201
1645254662153,POST,58,201
1645254662168,POST,72,201
1645254662181,POST,74,201
1645254662211,POST,72,201
1645254662211,POST,80,201
1645254662240,POST,67,201
1645254662255,POST,77,201
1645254662291,POST,65,201
1645254662283,POST,78,201
1645254662307,POST,75,201
1645254662332,POST,65,201
1645254662361,POST,66,201
1645254662356,POST,78,201
1645254662382,POST,73,201
1645254662397,POST,62,201
1645254662427,POST,68,201
1645254662434,POST,73,201
1645254662459,POST,71,201
1645254662455,POST,82,201
1645254662495,POST,75,201
1645254662507,POST,72,201
1645254662537,POST,68,201
1645254662530,POST,83,201
1645254662570,POST,73,201
1645254662579,POST,81,201
1645254662605,POST,91,201
1645254662613,POST,90,201
1645254662643,POST,71,201
1645254662660,POST,80,201
1645254662703,POST,64,201
1645254662696,POST,77,201
1645254662714,POST,71,201
1645254662740,POST,64,201
1645254662773,POST,92,201
1645254662767,POST,98,201
1645254662785,POST,86,201
1645254662804,POST,94,201
1645254662865,POST,70,201
1645254662865,POST,70,201
1645254662871,POST,70,201
1645254662898,POST,70,201
1645254662935,POST,65,201
1645254662935,POST,65,201
1645254662942,POST,68,201
1645254662968,POST,79,201
1645254663000,POST,64,201
1645254663000,POST,70,201
1645254663010,POST,78,201
1645254663047,POST,91,201
1645254663064,POST,85,201
1645254663070,POST,84,201
1645254663088,POST,98,201
1645254663138,POST,75,201
1645254663149,POST,75,201
1645254663154,POST,77,201
1645254663186,POST,81,201
1645254663231,POST,62,201
1645254663213,POST,84,201
1645254663224,POST,83,201
1645254663267,POST,64,201
1645254663293,POST,71,201
1645254663297,POST,89,201
1645254663331,POST,68,201
1645254663307,POST,92,201
1645254663364,POST,76,201
1645254663399,POST,67,201
1645254663386,POST,80,201
1645254663399,POST,73,201
1645254663440,POST,70,201
1645254663472,POST,60,201
1645254663466,POST,66,201
1645254663466,POST,72,201
1645254663510,POST,72,201
1645254663532,POST,81,201
1645254663532,POST,81,201
1645254663538,POST,84,201
1645254663582,POST,65,201
1645254663613,POST,72,201
1645254663613,POST,76,201
1645254663622,POST,84,201
1645254663647,POST,72,201
1645254663689,POST,87,201
1645254663685,POST,91,201
1645254663706,POST,79,201
1645254663719,POST,94,201
1645254663776,POST,72,201
1645254663776,POST,77,201
1645254663785,POST,70,201
1645254663813,POST,74,201
1645254663855,POST,66,201
1645254663853,POST,72,201
1645254663848,POST,77,201
1645254663887,POST,69,201
1645254663921,POST,62,201
1645254663925,POST,79,201
1645254663925,POST,83,201
1645254663956,POST,67,201
1645254663983,POST,82,201
1645254664004,POST,92,201
1645254664008,POST,88,201
1645254664023,POST,86,201
1645254664065,POST,80,201
1645254664096,POST,73,201
1645254664096,POST,95,201
1645254664109,POST,86,201
1645254664145,POST,74,201
1645254664169,POST,69,201
1645254664191,POST,66,201
1645254664195,POST,82,201
1645254664238,POST,69,201
1645254664219,POST,93,201
1645254664257,POST,59,201
1645254664277,POST,65,201
1645254664307,POST,65,201
1645254664316,POST,63,201
1645254664312,POST,73,201
1645254664342,POST,63,201
1645254664372,POST,71,201
1645254664385,POST,61,201
1645254664379,POST,74,201
1645254664405,POST,61,201
1645254664443,POST,70,201
1645254664446,POST,71,201
1645254664453,POST,64,201
1645254664466,POST,71,201
1645254664513,POST,66,201
1645254664517,POST,67,201
1645254664517,POST,76,201
1645254664537,POST,72,201
1645254664579,POST,67,201
1645254664584,POST,67,201
1645254664593,POST,58,201
1645254664609,POST,67,201
1645254664651,POST,68,201
1645254664651,POST,72,201
1645254664646,POST,83,201
1645254664676,POST,84,201
1645254664719,POST,71,201
1645254664729,POST,77,201
1645254664723,POST,86,201
1645254664760,POST,83,201
1645254664790,POST,68,201
1645254664809,POST,82,201
1645254664806,POST,85,201
1645254664843,POST,64,201
1645254664858,POST,67,201
1645254664891,POST,76,201
1645254664891,POST,76,201
1645254664907,POST,79,201
1645254664925,POST,92,201
1645254664967,POST,71,201
1645254664967,POST,78,201
1645254664986,POST,81,201
1645254665019,POST,72,201
1645254665021,POST,71,201
1645254665021,POST,80,201
1645254665019,POST,87,201
1645254665022,POST,84,201
1645254665021,POST,85,201
1645254665023,POST,87,201
1645254665024,POST,86,201
1645254665023,POST,90,201
1645254665023,POST,90,201
1645254665022,POST,91,201
1645254665020,POST,94,201
1645254665022,POST,92,201
1645254665021,POST,96,201
1645254665038,POST,79,201
1645254665024,POST,93,201
1645254665024,POST,94,201
1645254665045,POST,85,201
1645254665091,POST,81,201
1645254665092,POST,90,201
1645254665110,POST,75,201
1645254665101,POST,87,201
1645254665110,POST,79,201
1645254665106,POST,88,201
1645254665106,POST,89,201
1645254665117,POST,79,201
1645254665113,POST,88,201
1645254665113,POST,90,201
1645254665113,POST,90,201
1645254665117,POST,87,201
1645254665114,POST,95,201
1645254665118,POST,91,201
1645254665130,POST,79,201
1645254665117,POST,93,201
1645254665106,POST,104,201
1645254665114,POST,101,201
1645254665172,POST,79,201
1645254665185,POST,76,201
1645254665188,POST,73,201
1645254665182,POST,79,201
1645254665189,POST,72,201
1645254665210,POST,64,201
1645254665209,POST,65,201
1645254665196,POST,78,201
1645254665195,POST,80,201
1645254665203,POST,72,201
1645254665201,POST,74,201
1645254665203,POST,75,201
1645254665194,POST,84,201
1645254665209,POST,76,201
1645254665204,POST,81,201
1645254665215,POST,78,201
1645254665251,POST,75,201
1645254665261,POST,77,201
1645254665261,POST,81,201
1645254665261,POST,84,201
1645254665261,POST,90,201
1645254665275,POST,76,201
1645254665275,POST,76,201
1645254665278,POST,77,201
1645254665275,POST,80,201
1645254665285,POST,70,201
1645254665274,POST,81,201
1645254665274,POST,81,201
1645254665274,POST,90,201
1645254665278,POST,86,201
1645254665285,POST,79,201
1645254665293,POST,78,201
1645254665326,POST,69,201
1645254665342,POST,65,201
1645254665345,POST,67,201
1645254665338,POST,81,201
1645254665355,POST,69,201
1645254665355,POST,69,201
1645254665351,POST,73,201
1645254665355,POST,75,201
1645254665355,POST,75,201
1645254665351,POST,84,201
1645254665355,POST,80,201
1645254665364,POST,71,201
1645254665364,POST,71,201
1645254665351,POST,84,201
1645254665371,POST,69,201
1645254665364,POST,76,201
1645254665407,POST,66,201
1645254665395,POST,78,201
1645254665412,POST,66,201
1645254665424,POST,67,201
1645254665424,POST,67,201
1645254665419,POST,72,201
1645254665424,POST,74,201
1645254665435,POST,71,201
1645254665435,POST,71,201
1645254665430,POST,82,201
1645254665430,POST,82,201
1645254665440,POST,73,201
1645254665440,POST,73,201
1645254665435,POST,82,201
1645254665435,POST,82,201
1645254665435,POST,82,201
1645254665473,POST,94,201
1645254665478,POST,90,201
1645254665473,POST,95,201
1645254665498,POST,70,201
1645254665491,POST,77,201
1645254665491,POST,78,201
1645254665491,POST,78,201
1645254665506,POST,66,201
1645254665512,POST,70,201
1645254665506,POST,76,201
1645254665513,POST,96,201
1645254665512,POST,98,201
1645254665517,POST,93,201
1645254665513,POST,97,201
1645254665517,POST,93,201
1645254665517,POST,94,201
1645254665568,POST,70,201
1645254665567,POST,77,201
1645254665569,POST,78,201
1645254665568,POST,79,201
1645254665582,POST,65,201
1645254665569,POST,82,201
1645254665572,POST,79,201
1645254665582,POST,69,201
1645254665568,POST,84,201
1645254665568,POST,90,201
1645254665610,POST,75,201
1645254665610,POST,76,201
1645254665610,POST,76,201
1645254665610,POST,77,201
1645254665611,POST,76,201
1645254665610,POST,80,201
1645254665638,POST,72,201
1645254665644,POST,66,201
1645254665651,POST,72,201
1645254665647,POST,76,201
1645254665647,POST,76,201
1645254665651,POST,72,201
1645254665651,POST,73,201
1645254665652,POST,72,201
1645254665647,POST,77,201
1645254665658,POST,66,201
1645254665685,POST,63,201
1645254665687,POST,86,201
1645254665687,POST,86,201
1645254665690,POST,84,201
1645254665686,POST,88,201
1645254665686,POST,88,201
1645254665710,POST,71,201
1645254665710,POST,80,201
1645254665723,POST,84,201
1645254665724,POST,88,201
1645254665724,POST,89,201
1645254665723,POST,90,201
1645254665723,POST,97,201
1645254665724,POST,98,201
1645254665724,POST,98,201
1645254665748,POST,74,201
1645254665723,POST,99,201
1645254665773,POST,65,201
1645254665773,POST,71,201
1645254665774,POST,77,201
1645254665774,POST,81,201
1645254665781,POST,78,201
1645254665774,POST,89,201
1645254665790,POST,78,201
1645254665807,POST,70,201
1645254665813,POST,71,201
1645254665813,POST,76,201
1645254665812,POST,77,201
1645254665820,POST,72,201
1645254665822,POST,70,201
1645254665822,POST,77,201
1645254665822,POST,82,201
1645254665822,POST,82,201
1645254665838,POST,78,201
1645254665845,POST,71,201
1645254665851,POST,65,201
1645254665856,POST,78,201
1645254665863,POST,77,201
1645254665868,POST,72,201
1645254665859,POST,81,201
1645254665877,POST,70,201
1645254665889,POST,64,201
1645254665884,POST,69,201
1645254665889,POST,69,201
1645254665892,POST,76,201
1645254665892,POST,78,201
1645254665904,POST,73,201
1645254665916,POST,61,201
1645254665904,POST,74,201
1645254665899,POST,82,201
1645254665916,POST,78,201
1645254665916,POST,78,201
1645254665934,POST,66,201
1645254665940,POST,60,201
1645254665940,POST,65,201
1645254665953,POST,65,201
1645254665947,POST,71,201
1645254665940,POST,80,201
1645254665953,POST,78,201
1645254665958,POST,73,201
1645254665970,POST,62,201
1645254665968,POST,69,201
1645254665977,POST,71,201
1645254665977,POST,71,201
1645254665978,POST,73,201
1645254665981,POST,70,201
1645254666000,POST,74,201
1645254665994,POST,80,201
1645254665994,POST,86,201
1645254666018,POST,62,201
1645254666000,POST,82,201
1645254666005,POST,82,201
1645254666018,POST,69,201
1645254666020,POST,73,201
1645254666048,POST,73,201
1645254666032,POST,89,201
1645254666048,POST,73,201
1645254666031,POST,90,201
1645254666031,POST,93,201
1645254666051,POST,73,201
1645254666037,POST,93,201
1645254666051,POST,88,201
1645254666080,POST,73,201
1645254666074,POST,79,201
1645254666082,POST,75,201
1645254666074,POST,83,201
1645254666080,POST,81,201
1645254666093,POST,86,201
1645254666087,POST,92,201
1645254666087,POST,96,201
1645254666124,POST,70,201
1645254666121,POST,73,201
1645254666121,POST,73,201
1645254666121,POST,73,201
1645254666130,POST,72,201
1645254666121,POST,81,201
1645254666124,POST,80,201
1645254666139,POST,85,201
1645254666153,POST,81,201
1645254666157,POST,77,201
1645254666157,POST,77,201
1645254666153,POST,85,201
1645254666161,POST,77,201
1645254666183,POST,66,201
1645254666179,POST,72,201
1645254666179,POST,76,201
1645254666194,POST,74,201
1645254666194,POST,74,201
1645254666194,POST,79,201
1645254666194,POST,79,201
1645254666204,POST,83,201
1645254666202,POST,85,201
1645254666202,POST,91,201
1645254666224,POST,77,201
1645254666234,POST,79,201
1645254666234,POST,79,201
1645254666234,POST,83,201
1645254666239,POST,87,201
1645254666249,POST,77,201
1645254666238,POST,88,201
1645254666251,POST,75,201
1645254666268,POST,78,201
1645254666255,POST,91,201
1645254666268,POST,78,201
1645254666273,POST,77,201
1645254666273,POST,79,201
1645254666287,POST,73,201
1645254666287,POST,78,201
1645254666301,POST,78,201
1645254666293,POST,86,201
1645254666326,POST,63,201
1645254666313,POST,76,201
1645254666318,POST,71,201
1645254666313,POST,82,201
1645254666326,POST,74,201
1645254666326,POST,74,201
1645254666326,POST,80,201
1645254666346,POST,77,201
1645254666346,POST,84,201
1645254666352,POST,87,201
1645254666350,POST,100,201
1645254666346,POST,104,201
1645254666360,POST,91,201
1645254666365,POST,87,201
1645254666379,POST,77,201
1645254666379,POST,78,201
1645254666389,POST,93,201
1645254666400,POST,82,201
1645254666395,POST,87,201
1645254666389,POST,98,201
1645254666389,POST,99,201
1645254666400,POST,91,201
1645254666406,POST,86,201
1645254666430,POST,79,201
1645254666451,POST,72,201
1645254666439,POST,84,201
1645254666452,POST,72,201
1645254666423,POST,101,201
1645254666450,POST,85,201
1645254666457,POST,78,201
1645254666450,POST,86,201
1645254666456,POST,86,201
1645254666482,POST,78,201
1645254666482,POST,82,201
1645254666482,POST,88,201
1645254666492,POST,78,201
1645254666488,POST,87,201
1645254666509,POST,70,201
1645254666491,POST,89,201
1645254666487,POST,98,201
1645254666523,POST,75,201
1645254666524,POST,74,201
1645254666523,POST,83,201
1645254666535,POST,76,201
1645254666524,POST,88,201
1645254666535,POST,77,201
1645254666542,POST,72,201
1645254666536,POST,84,201
1645254666560,POST,74,201
1645254666564,POST,79,201
1645254666580,POST,68,201
1645254666570,POST,81,201
1645254666570,POST,83,201
1645254666579,POST,77,201
1645254666575,POST,81,201
1645254666585,POST,77,201
1645254666598,POST,68,201
1645254666598,POST,73,201
1645254666606,POST,72,201
1645254666611,POST,72,201
1645254666612,POST,72,201
1645254666614,POST,84,201
1645254666620,POST,78,201
1645254666612,POST,86,201
1645254666634,POST,72,201
1645254666651,POST,67,201
1645254666653,POST,71,201
1645254666643,POST,81,201
1645254666648,POST,78,201
1645254666656,POST,83,201
1645254666656,POST,85,201
1645254666666,POST,88,201
1645254666678,POST,76,201
1645254666684,POST,70,201
1645254666683,POST,71,201
1645254666662,POST,93,201
1645254666671,POST,85,201
1645254666698,POST,75,201
1645254666698,POST,90,201
1645254666706,POST,90,201
1645254666724,POST,72,201
1645254666698,POST,101,201
1645254666724,POST,75,201
1645254666718,POST,82,201
1645254666741,POST,67,201
1645254666726,POST,83,201
1645254666739,POST,77,201
1645254666754,POST,79,201
1645254666754,POST,79,201
1645254666755,POST,86,201
1645254666755,POST,86,201
1645254666756,POST,85,201
1645254666754,POST,87,201
1645254666773,POST,76,201
1645254666788,POST,75,201
1645254666796,POST,71,201
1645254666800,POST,78,201
1645254666799,POST,79,201
1645254666799,POST,80,201
1645254666796,POST,83,201
1645254666809,POST,81,201
1645254666808,POST,89,201
1645254666817,POST,84,201
1645254666841,POST,74,201
1645254666833,POST,82,201
1645254666833,POST,82,201
1645254666841,POST,75,201
1645254666841,POST,76,201
1645254666849,POST,71,201
1645254666841,POST,84,201
1645254666863,POST,75,201
1645254666867,POST,71,201
1645254666879,POST,82,201
1645254666878,POST,83,201
1645254666879,POST,83,201
1645254666878,POST,88,201
1645254666897,POST,72,201
1645254666901,POST,74,201
1645254666890,POST,85,201
1645254666916,POST,77,201
1645254666915,POST,88,201
1645254666915,POST,88,201
1645254666917,POST,86,201
1645254666925,POST,80,201
1645254666920,POST,85,201
1645254666915,POST,95,201
1645254666938,POST,83,201
1645254666938,POST,83,201
1645254666962,POST,83,201
1645254666961,POST,84,201
1645254666961,POST,84,201
1645254666969,POST,79,201
1645254666966,POST,82,201
1645254666975,POST,81,201
1645254666975,POST,86,201
1645254666993,POST,72,201
1645254667003,POST,74,201
1645254667005,POST,72,201
1645254667003,POST,74,201
1645254667010,POST,83,201
1645254667005,POST,91,201
1645254667003,POST,94,201
1645254667021,POST,79,201
1645254667021,POST,80,201
1645254667045,POST,88,201
1645254667045,POST,91,201
1645254667045,POST,92,201
1645254667048,POST,90,201
1645254667056,POST,82,201
1645254667048,POST,99,201
1645254667061,POST,100,201
1645254667065,POST,97,201
1645254667077,POST,88,201
1645254667077,POST,89,201
1645254667077,POST,95,201
1645254667097,POST,86,201
1645254667093,POST,90,201
1645254667096,POST,87,201
1645254667101,POST,86,201
1645254667100,POST,90,201
1645254667138,POST,82,201
1645254667136,POST,84,201
1645254667133,POST,89,201
1645254667137,POST,85,201
1645254667138,POST,84,201
1645254667147,POST,93,201
1645254667161,POST,82,201
1645254667165,POST,78,201
1645254667166,POST,77,201
1645254667172,POST,71,201
1645254667162,POST,88,201
1645254667183,POST,76,201
1645254667183,POST,76,201
1645254667183,POST,79,201
1645254667190,POST,84,201
1645254667187,POST,93,201
1645254667222,POST,78,201
1645254667220,POST,80,201
1645254667222,POST,78,201
1645254667220,POST,81,201
1645254667222,POST,81,201
1645254667243,POST,73,201
1645254667243,POST,73,201
1645254667250,POST,70,201
1645254667243,POST,78,201
1645254667243,POST,79,201
1645254667240,POST,86,201
1645254667259,POST,77,201
1645254667259,POST,77,201
1645254667262,POST,97,201
1645254667274,POST,87,201
1645254667280,POST,90,201
1645254667300,POST,72,201
1645254667300,POST,75,201
1645254667300,POST,83,201
1645254667301,POST,103,201
1645254667303,POST,101,201
1645254667320,POST,86,201
1645254667316,POST,91,201
1645254667321,POST,87,201
1645254667326,POST,82,201
1645254667322,POST,87,201
1645254667316,POST,94,201
1645254667336,POST,75,201
1645254667336,POST,76,201
1645254667359,POST,87,201
1645254667361,POST,87,201
1645254667370,POST,79,201
1645254667372,POST,80,201
1645254667375,POST,79,201
1645254667410,POST,64,201
1645254667383,POST,95,201
1645254667407,POST,71,201
1645254667409,POST,69,201
1645254667412,POST,66,201
1645254667406,POST,79,201
1645254667404,POST,81,201
1645254667411,POST,79,201
1645254667408,POST,82,201
1645254667408,POST,82,201
1645254667404,POST,86,201
1645254667446,POST,66,201
1645254667452,POST,78,201
1645254667448,POST,82,201
1645254667454,POST,77,201
1645254667449,POST,87,201
1645254667478,POST,73,201
1645254667478,POST,77,201
1645254667474,POST,83,201
1645254667478,POST,80,201
1645254667478,POST,80,201
1645254667485,POST,93,201
1645254667485,POST,93,201
1645254667490,POST,89,201
1645254667490,POST,93,201
1645254667490,POST,94,201
1645254667490,POST,114,201
1645254667512,POST,92,201
1645254667530,POST,85,201
1645254667531,POST,90,201
1645254667536,POST,86,201
1645254667530,POST,93,201
1645254667551,POST,87,201
1645254667557,POST,85,201
1645254667555,POST,87,201
1645254667558,POST,85,201
1645254667558,POST,92,201
1645254667578,POST,80,201
1645254667583,POST,75,201
1645254667579,POST,79,201
1645254667584,POST,75,201
1645254667578,POST,81,201
1645254667604,POST,75,201
1645254667604,POST,82,201
1645254667622,POST,70,201
1645254667621,POST,71,201
1645254667615,POST,83,201
1645254667623,POST,84,201
1645254667643,POST,71,201
1645254667642,POST,73,201
1645254667642,POST,73,201
1645254667638,POST,82,201
1645254667650,POST,76,201
1645254667658,POST,68,201
1645254667659,POST,71,201
1645254667658,POST,72,201
1645254667658,POST,73,201
1645254667659,POST,78,201
1645254667679,POST,91,201
1645254667692,POST,81,201
1645254667692,POST,83,201
1645254667686,POST,92,201
1645254667707,POST,71,201
1645254667698,POST,87,201
1645254667714,POST,92,201
1645254667715,POST,91,201
1645254667726,POST,84,201
1645254667726,POST,84,201
1645254667715,POST,98,201
1645254667731,POST,82,201
1645254667720,POST,94,201
1645254667737,POST,77,201
1645254667730,POST,84,201
1645254667730,POST,84,201
1645254667773,POST,81,201
1645254667778,POST,85,201
1645254667770,POST,95,201
1645254667775,POST,90,201
1645254667785,POST,81,201
1645254667778,POST,90,201
1645254667810,POST,74,201
1645254667813,POST,80,201
1645254667806,POST,87,201
1645254667806,POST,87,201
1645254667814,POST,85,201
1645254667810,POST,89,201
1645254667814,POST,85,201
1645254667815,POST,88,201
1645254667814,POST,89,201
1645254667813,POST,90,201
1645254667854,POST,77,201
1645254667865,POST,72,201
1645254667863,POST,77,201
1645254667865,POST,75,201
1645254667866,POST,75,201
1645254667868,POST,76,201
1645254667884,POST,64,201
1645254667893,POST,66,201
1645254667893,POST,70,201
1645254667893,POST,70,201
1645254667903,POST,69,201
1645254667899,POST,73,201
1645254667899,POST,77,201
1645254667899,POST,77,201
1645254667903,POST,78,201
1645254667903,POST,78,201
1645254667940,POST,67,201
1645254667931,POST,76,201
1645254667937,POST,77,201
1645254667940,POST,77,201
1645254667941,POST,77,201
1645254667944,POST,75,201
1645254667948,POST,84,201
1645254667964,POST,70,201
1645254667964,POST,70,201
1645254667959,POST,84,201
1645254667976,POST,68,201
1645254667972,POST,72,201
1645254667972,POST,72,201
1645254667976,POST,68,201
1645254667981,POST,81,201
1645254667981,POST,85,201
1645254668007,POST,79,201
1645254668007,POST,79,201
1645254668018,POST,83,201
1645254668019,POST,82,201
1645254668014,POST,87,201
1645254668017,POST,84,201
1645254668032,POST,70,201
1645254668034,POST,87,201
1645254668043,POST,78,201
1645254668044,POST,84,201
1645254668034,POST,94,201
1645254668044,POST,85,201
1645254668044,POST,86,201
1645254668062,POST,73,201
1645254668066,POST,69,201
1645254668044,POST,103,201
1645254668101,POST,63,201
1645254668086,POST,78,201
1645254668086,POST,82,201
1645254668101,POST,71,201
1645254668101,POST,82,201
1645254668102,POST,81,201
1645254668101,POST,82,201
1645254668121,POST,69,201
1645254668121,POST,73,201
1645254668129,POST,77,201
1645254668130,POST,76,201
1645254668129,POST,77,201
1645254668129,POST,81,201
1645254668135,POST,75,201
1645254668147,POST,69,201
1645254668135,POST,84,201
1645254668164,POST,79,201
1645254668164,POST,84,201
1645254668168,POST,80,201
1645254668172,POST,81,201
1645254668190,POST,92,201
1645254668183,POST,99,201
1645254668183,POST,103,201
1645254668206,POST,80,201
1645254668206,POST,80,201
1645254668183,POST,104,201
1645254668216,POST,76,201
1645254668194,POST,98,201
1645254668206,POST,86,201
1645254668210,POST,82,201
1645254668210,POST,83,201
1645254668219,POST,79,201
1645254668248,POST,94,201
1645254668253,POST,89,201
1645254668248,POST,94,201
1645254668243,POST,99,201
1645254668282,POST,67,201
1645254668282,POST,73,201
1645254668286,POST,108,201
1645254668286,POST,114,201
1645254668292,POST,108,201
1645254668293,POST,108,201
1645254668292,POST,109,201
1645254668298,POST,103,201
1645254668292,POST,109,201
1645254668292,POST,110,201
1645254668287,POST,118,201
1645254668286,POST,119,201
1645254668355,POST,73,201
1645254668342,POST,93,201
1645254668342,POST,93,201
1645254668349,POST,90,201
1645254668342,POST,97,201
1645254668342,POST,107,201
1645254668394,POST,76,201
1645254668401,POST,71,201
1645254668401,POST,71,201
1645254668400,POST,74,201
1645254668402,POST,72,201
1645254668401,POST,74,201
1645254668405,POST,82,201
1645254668401,POST,86,201
1645254668405,POST,88,201
1645254668400,POST,98,201
1645254668428,POST,82,201
1645254668435,POST,75,201
1645254668435,POST,75,201
1645254668439,POST,87,201
1645254668449,POST,78,201
1645254668439,POST,91,201
1645254668472,POST,70,201
1645254668474,POST,77,201
1645254668474,POST,77,201
1645254668472,POST,79,201
1645254668470,POST,81,201
1645254668493,POST,63,201
1645254668475,POST,81,201
1645254668487,POST,75,201
1645254668487,POST,75,201
1645254668498,POST,67,201
1645254668510,POST,64,201
1645254668510,POST,68,201
1645254668526,POST,66,201
1645254668510,POST,82,201
1645254668530,POST,70,201
1645254668527,POST,96,201
1645254668542,POST,87,201
1645254668551,POST,84,201
1645254668551,POST,84,201
1645254668556,POST,79,201
1645254668551,POST,84,201
1645254668551,POST,85,201
1645254668556,POST,85,201
1645254668562,POST,79,201
1645254668562,POST,79,201
1645254668592,POST,79,201
1645254668565,POST,110,201
1645254668578,POST,98,201
1645254668574,POST,102,201
1645254668623,POST,76,201
1645254668600,POST,99,201
1645254668592,POST,110,201
1645254668629,POST,78,201
1645254668635,POST,98,201
1645254668636,POST,98,201
1645254668635,POST,108,201
1645254668641,POST,104,201
1645254668641,POST,104,201
1645254668641,POST,104,201
1645254668635,POST,111,201
1645254668676,POST,74,201
1645254668635,POST,115,201
1645254668675,POST,75,201
1645254668676,POST,83,201
1645254668671,POST,88,201
1645254668699,POST,75,201
1645254668699,POST,75,201
1645254668702,POST,79,201
1645254668707,POST,74,201
1645254668734,POST,76,201
1645254668733,POST,78,201
1645254668744,POST,68,201
1645254668745,POST,71,201
1645254668746,POST,70,201
1645254668745,POST,71,201
1645254668745,POST,77,201
1645254668750,POST,86,201
1645254668750,POST,86,201
1645254668750,POST,89,201
1645254668759,POST,86,201
1645254668759,POST,86,201
1645254668774,POST,79,201
1645254668781,POST,72,201
1645254668781,POST,78,201
1645254668774,POST,88,201
1645254668811,POST,70,201
1645254668811,POST,70,201
1645254668812,POST,69,201
1645254668816,POST,69,201
1645254668816,POST,75,201
1645254668836,POST,68,201
1645254668816,POST,88,201
1645254668836,POST,68,201
1645254668839,POST,65,201
1645254668822,POST,88,201
1645254668859,POST,67,201
1645254668845,POST,85,201
1645254668845,POST,87,201
1645254668853,POST,86,201
1645254668853,POST,86,201
1645254668862,POST,79,201
1645254668891,POST,75,201
1645254668881,POST,85,201
1645254668885,POST,85,201
1645254668881,POST,107,201
1645254668881,POST,107,201
1645254668904,POST,91,201
1645254668904,POST,99,201
1645254668910,POST,93,201
1645254668904,POST,110,201
1645254668904,POST,111,201
1645254668927,POST,88,201
1645254668930,POST,93,201
1645254668932,POST,96,201
1645254668941,POST,101,201
1645254668939,POST,103,201
1645254668939,POST,108,201
1645254668966,POST,81,201
1645254668970,POST,77,201
1645254668966,POST,87,201
1645254668988,POST,71,201
1645254668988,POST,75,201
1645254668995,POST,71,201
1645254669015,POST,69,201
1645254669003,POST,81,201
1645254669003,POST,81,201
1645254669015,POST,69,201
1645254669014,POST,85,201
1645254669023,POST,85,201
1645254669028,POST,91,201
1645254669047,POST,89,201
1645254669042,POST,97,201
1645254669042,POST,98,201
1645254669047,POST,96,201
1645254669047,POST,100,201
1645254669053,POST,105,201
1645254669063,POST,95,201
1645254669059,POST,99,201
1645254669066,POST,96,201
1645254669084,POST,110,201
1645254669084,POST,111,201
1645254669108,POST,88,201
1645254669099,POST,97,201
1645254669084,POST,112,201
1645254669084,POST,112,201
1645254669120,POST,76,201
1645254669139,POST,104,201
1645254669147,POST,96,201
1645254669140,POST,103,201
1645254669158,POST,85,201
1645254669136,POST,107,201
1645254669143,POST,100,201
1645254669162,POST,82,201
1645254669158,POST,86,201
1645254669158,POST,86,201
1645254669196,POST,87,201
1645254669196,POST,87,201
1645254669194,POST,90,201
1645254669196,POST,89,201
1645254669195,POST,90,201
1645254669196,POST,91,201
1645254669196,POST,91,201
1645254669243,POST,72,201
1645254669243,POST,80,201
1645254669243,POST,93,201
1645254669243,POST,97,201
1645254669243,POST,102,201
1645254669243,POST,102,201
1645254669244,POST,101,201
1645254669244,POST,102,201
1645254669244,POST,102,201
1645254669284,POST,64,201
1645254669283,POST,65,201
1645254669285,POST,74,201
1645254669283,POST,81,201
1645254669287,POST,81,201
1645254669285,POST,94,201
1645254669287,POST,113,201
1645254669323,POST,80,201
1645254669315,POST,88,201
1645254669336,POST,83,201
1645254669346,POST,94,201
1645254669345,POST,95,201
1645254669345,POST,97,201
1645254669345,POST,98,201
1645254669346,POST,97,201
1645254669348,POST,95,201
1645254669364,POST,80,201
1645254669340,POST,104,201
1645254669348,POST,99,201
1645254669359,POST,88,201
1645254669368,POST,89,201
1645254669379,POST,83,201
1645254669403,POST,80,201
1645254669400,POST,94,201
1645254669403,POST,91,201
1645254669419,POST,81,201
1645254669443,POST,73,201
1645254669444,POST,72,201
1645254669444,POST,73,201
1645254669440,POST,77,201
1645254669443,POST,79,201
1645254669440,POST,82,201
1645254669443,POST,83,201
1645254669447,POST,79,201
1645254669442,POST,84,201
1645254669447,POST,84,201
1645254669462,POST,73,201
1645254669457,POST,78,201
1645254669483,POST,88,201
1645254669500,POST,79,201
1645254669494,POST,87,201
1645254669494,POST,88,201
1645254669516,POST,87,201
1645254669517,POST,93,201
1645254669516,POST,102,201
1645254669517,POST,101,201
1645254669536,POST,82,201
1645254669522,POST,103,201
1645254669536,POST,89,201
1645254669526,POST,99,201
1645254669522,POST,103,201
1645254669531,POST,94,201
1645254669526,POST,99,201
1645254669526,POST,101,201
1645254669571,POST,80,201
1645254669582,POST,77,201
1645254669580,POST,80,201
1645254669581,POST,79,201
1645254669603,POST,65,201
1645254669610,POST,66,201
1645254669625,POST,61,201
1645254669618,POST,72,201
1645254669618,POST,72,201
1645254669625,POST,73,201
1645254669618,POST,80,201
1645254669625,POST,79,201
1645254669627,POST,77,201
1645254669625,POST,79,201
1645254669625,POST,80,201
1645254669625,POST,84,201
1645254669651,POST,72,201
1645254669668,POST,75,201
1645254669659,POST,84,201
1645254669660,POST,84,201
1645254669660,POST,84,201
1645254669676,POST,82,201
1645254669690,POST,68,201
1645254669686,POST,75,201
1645254669690,POST,71,201
1645254669698,POST,69,201
1645254669704,POST,67,201
1645254669698,POST,79,201
1645254669704,POST,78,201
1645254669704,POST,79,201
1645254669709,POST,77,201
1645254669705,POST,81,201
1645254669723,POST,74,201
1645254669744,POST,77,201
1645254669744,POST,84,201
1645254669743,POST,86,201
1645254669743,POST,86,201
1645254669758,POST,75,201
1645254669761,POST,73,201
1645254669758,POST,82,201
1645254669767,POST,79,201
1645254669771,POST,78,201
1645254669761,POST,88,201
1645254669783,POST,78,201
1645254669786,POST,75,201
1645254669782,POST,81,201
1645254669777,POST,92,201
1645254669786,POST,83,201
1645254669797,POST,75,201
1645254669821,POST,74,201
1645254669828,POST,72,201
1645254669841,POST,68,201
1645254669834,POST,75,201
1645254669833,POST,77,201
1645254669829,POST,81,201
1645254669829,POST,86,201
1645254669849,POST,76,201
1645254669846,POST,79,201
1645254669849,POST,82,201
1645254669861,POST,71,201
1645254669861,POST,74,201
1645254669863,POST,76,201
1645254669869,POST,83,201
1645254669872,POST,99,201
1645254669869,POST,103,201
1645254669900,POST,72,201
1645254669895,POST,77,201
1645254669925,POST,66,201
1645254669909,POST,82,201
1645254669925,POST,66,201
1645254669910,POST,88,201
1645254669932,POST,88,201
1645254669931,POST,89,201
1645254669909,POST,115,201
1645254669910,POST,115,201
1645254669935,POST,90,201
1645254669915,POST,111,201
1645254669939,POST,87,201
1645254669952,POST,80,201
1645254669991,POST,72,201
1645254669972,POST,91,201
1645254669971,POST,93,201
1645254669972,POST,92,201
1645254669972,POST,102,201
1645254669998,POST,81,201
1645254669991,POST,88,201
1645254669991,POST,96,201
1645254670020,POST,74,201
1645254670020,POST,74,201
1645254670026,POST,68,201
1645254670025,POST,70,201
1645254670025,POST,82,201
1645254670026,POST,84,201
1645254670024,POST,86,201
1645254670032,POST,82,201
1645254670063,POST,71,201
1645254670063,POST,71,201
1645254670064,POST,70,201
1645254670064,POST,75,201
1645254670079,POST,72,201
1645254670087,POST,69,201
1645254670074,POST,83,201
1645254670079,POST,79,201
1645254670094,POST,75,201
1645254670094,POST,75,201
1645254670095,POST,75,201
1645254670094,POST,80,201
1645254670107,POST,74,201
1645254670114,POST,79,201
1645254670110,POST,83,201
1645254670110,POST,84,201
1645254670134,POST,73,201
1645254670134,POST,73,201
1645254670134,POST,74,201
1645254670139,POST,73,201
1645254670157,POST,72,201
1645254670151,POST,78,201
1645254670156,POST,74,201
1645254670158,POST,77,201
1645254670169,POST,76,201
1645254670170,POST,75,201
1645254670169,POST,81,201
1645254670174,POST,76,201
1645254670181,POST,76,201
1645254670193,POST,73,201
1645254670194,POST,73,201
1645254670194,POST,78,201
1645254670207,POST,72,201
1645254670208,POST,84,201
1645254670207,POST,89,201
1645254670229,POST,77,201
1645254670212,POST,94,201
1645254670230,POST,78,201
1645254670229,POST,84,201
1645254670235,POST,79,201
1645254670250,POST,81,201
1645254670245,POST,94,201
1645254670250,POST,90,201
1645254670266,POST,74,201
1645254670257,POST,86,201
1645254670245,POST,98,201
1645254670272,POST,79,201
1645254670267,POST,85,201
1645254670292,POST,67,201
1645254670279,POST,86,201
1645254670296,POST,69,201
1645254670314,POST,68,201
1645254670306,POST,76,201
1645254670308,POST,79,201
1645254670313,POST,74,201
1645254670306,POST,81,201
1645254670331,POST,75,201
1645254670340,POST,79,201
1645254670343,POST,76,201
1645254670351,POST,69,201
1645254670340,POST,80,201
1645254670340,POST,86,201
1645254670343,POST,96,201
1645254670359,POST,80,201
1645254670352,POST,87,201
1645254670365,POST,78,201
1645254670365,POST,78,201
1645254670382,POST,75,201
1645254670382,POST,85,201
1645254670387,POST,89,201
1645254670387,POST,97,201
1645254670387,POST,97,201
1645254670406,POST,81,201
1645254670426,POST,64,201
1645254670419,POST,81,201
1645254670420,POST,80,201
1645254670420,POST,80,201
1645254670419,POST,82,201
1645254670439,POST,68,201
1645254670439,POST,73,201
1645254670443,POST,69,201
1645254670439,POST,78,201
1645254670443,POST,81,201
1645254670457,POST,80,201
1645254670467,POST,73,201
1645254670476,POST,71,201
1645254670484,POST,63,201
1645254670484,POST,68,201
1645254670500,POST,64,201
1645254670487,POST,77,201
1645254670500,POST,64,201
1645254670490,POST,79,201
1645254670501,POST,78,201
1645254670500,POST,79,201
1645254670507,POST,79,201
1645254670512,POST,74,201
1645254670517,POST,71,201
1645254670512,POST,76,201
1645254670524,POST,70,201
1645254670537,POST,83,201
1645254670552,POST,68,201
1645254670540,POST,80,201
1645254670547,POST,79,201
1645254670547,POST,79,201
1645254670564,POST,78,201
1645254670564,POST,78,201
1645254670564,POST,78,201
1645254670569,POST,92,201
1645254670579,POST,83,201
1645254670586,POST,79,201
1645254670579,POST,87,201
1645254670588,POST,79,201
1645254670586,POST,81,201
1645254670588,POST,80,201
1645254670594,POST,88,201
1645254670620,POST,74,201
1645254670626,POST,76,201
1645254670620,POST,83,201
1645254670620,POST,83,201
1645254670626,POST,85,201
1645254670642,POST,74,201
1645254670642,POST,85,201
1645254670642,POST,89,201
1645254670668,POST,69,201
1645254670667,POST,70,201
1645254670665,POST,76,201
1645254670662,POST,79,201
1645254670666,POST,75,201
1645254670667,POST,75,201
1645254670661,POST,85,201
1645254670694,POST,65,201
1645254670682,POST,77,201
1645254670703,POST,62,201
1645254670703,POST,68,201
1645254670703,POST,75,201
1645254670711,POST,74,201
1645254670716,POST,69,201
1645254670727,POST,72,201
1645254670731,POST,73,201
1645254670737,POST,80,201
1645254670737,POST,88,201
1645254670742,POST,102,201
1645254670741,POST,103,201
1645254670741,POST,103,201
1645254670741,POST,108,201
1645254670759,POST,100,201
1645254670765,POST,94,201
1645254670759,POST,103,201
1645254670746,POST,117,201
1645254670771,POST,92,201
1645254670778,POST,97,201
1645254670804,POST,99,201
1645254670785,POST,122,201
1645254670817,POST,91,201
1645254670799,POST,109,201
1645254670785,POST,125,201
1645254670844,POST,71,201
1645254670825,POST,99,201
1645254670844,POST,94,201
1645254670844,POST,98,201
1645254670849,POST,97,201
1645254670859,POST,106,201
1645254670862,POST,107,201
1645254670863,POST,111,201
1645254670876,POST,103,201
1645254670863,POST,116,201
1645254670859,POST,125,201
1645254670903,POST,81,201
1645254670907,POST,88,201
1645254670908,POST,92,201
1645254670908,POST,106,201
1645254670915,POST,100,201
1645254670910,POST,106,201
1645254670946,POST,70,201
1645254670924,POST,99,201
1645254670938,POST,86,201
1645254670942,POST,82,201
1645254670965,POST,76,201
1645254670979,POST,76,201
1645254670979,POST,76,201
1645254670969,POST,87,201
1645254670974,POST,82,201
1645254670984,POST,73,201
1645254670984,POST,102,201
1645254670995,POST,92,201
1645254671015,POST,86,201
1645254671000,POST,102,201
1645254671024,POST,78,201
1645254671016,POST,86,201
1645254671023,POST,79,201
1645254671014,POST,88,201
1645254671016,POST,86,201
1645254671024,POST,117,201
1645254671055,POST,100,201
1645254671055,POST,100,201
1645254671041,POST,133,201
1645254671056,POST,118,201
1645254671056,POST,120,201
1645254671057,POST,119,201
1645254671102,POST,182,201
1645254671102,POST,182,201
1645254671102,POST,183,201
1645254671102,POST,188,201
1645254671176,POST,168,201
1645254671176,POST,172,201
1645254671284,POST,98,201
1645254671285,POST,97,201
1645254671284,POST,103,201
1645254671290,POST,103,201
1645254671087,POST,311,201
1645254671086,POST,324,201
1645254671348,POST,69,201
1645254671344,POST,82,201
1645254671102,POST,333,201
1645254671102,POST,339,201
1645254671101,POST,345,201
1645254671387,POST,66,201
1645254671382,POST,71,201
1645254671382,POST,84,201
1645254671393,POST,94,201
1645254671410,POST,77,201
1645254671398,POST,94,201
1645254671435,POST,130,201
1645254671441,POST,158,201
1645254671155,POST,498,201
1645254671492,POST,161,201
1645254671487,POST,166,201
1645254671487,POST,167,201
1645254671141,POST,513,201
1645254671155,POST,505,201
1645254671174,POST,490,201
1645254671174,POST,494,201
1645254671566,POST,111,201
1645254671599,POST,86,201
1645254671417,POST,289,201
1645254671653,POST,70,201
1645254671654,POST,69,201
1645254671426,POST,308,201
1645254671653,POST,81,201
1645254671653,POST,81,201
1645254671654,POST,92,201
1645254671668,POST,78,201
1645254671660,POST,86,201
1645254671664,POST,82,201
1645254671685,POST,62,201
1645254671677,POST,78,201
1645254671706,POST,112,201
1645254671723,POST,109,201
1645254671723,POST,117,201
1645254671746,POST,153,201
1645254671734,POST,165,201
1645254671746,POST,153,201
1645254671734,POST,166,201
1645254671746,POST,160,201
1645254671747,POST,159,201
1645254671746,POST,160,201
1645254671734,POST,172,201
1645254671755,POST,151,201
1645254671446,POST,461,201
1645254671453,POST,517,201
1645254671840,POST,154,201
1645254671832,POST,162,201
1645254671453,POST,562,201
1645254671818,POST,197,201
1645254671466,POST,549,201
1645254671900,POST,246,201
1645254672015,POST,169,201
1645254672015,POST,169,201
1645254671971,POST,219,201
1645254671899,POST,319,201
1645254672146,POST,77,201
1645254671906,POST,342,201
1645254671906,POST,352,201
1645254672184,POST,86,201
1645254672184,POST,86,201
1645254672190,POST,105,201
1645254671906,POST,389,201
1645254671907,POST,388,201
1645254671906,POST,389,201
1645254671906,POST,390,201
1645254672224,POST,96,201
1645254672218,POST,108,201
1645254672248,POST,82,201
1645254672258,POST,99,201
1645254672270,POST,104,201
1645254672270,POST,106,201
1645254672295,POST,85,201
1645254672296,POST,90,201
1645254672295,POST,111,201
1645254672295,POST,111,201
1645254672295,POST,112,201
1645254672326,POST,85,201
1645254672320,POST,92,201
1645254672330,POST,99,201
1645254671994,POST,448,201
1645254672357,POST,88,201
1645254672015,POST,431,201
1645254671994,POST,460,201
1645254672374,POST,82,201
1645254672386,POST,134,201
1645254672380,POST,140,201
1645254672376,POST,144,201
1645254672411,POST,109,201
1645254672407,POST,113,201
1645254672406,POST,115,201
1645254672406,POST,115,201
1645254671899,POST,653,201
1645254671899,POST,653,201
1645254672412,POST,171,201
1645254672454,POST,130,201
1645254672429,POST,156,201
1645254672442,POST,145,201
1645254672446,POST,143,201
1645254672446,POST,143,201
1645254672456,POST,134,201
1645254672520,POST,175,201
1645254672520,POST,175,201
1645254672520,POST,180,201
1645254672520,POST,192,201
1645254672521,POST,195,201
1645254672552,POST,188,201
1645254672552,POST,206,201
1645254672583,POST,204,201
1645254672584,POST,208,201
1645254672589,POST,215,201
1645254672590,POST,214,201
1645254672587,POST,217,201
1645254672585,POST,220,201
1645254672589,POST,216,201
1645254672695,POST,145,201
1645254672700,POST,140,201
1645254672695,POST,146,201
1645254672712,POST,152,201
1645254672716,POST,152,201
1645254672740,POST,132,201
1645254672521,POST,354,201
1645254672520,POST,375,201
1645254672804,POST,117,201
1645254672804,POST,117,201
1645254672787,POST,138,201
1645254672792,POST,133,201
1645254672758,POST,168,201
1645254672805,POST,127,201
1645254672804,POST,128,201
1645254672805,POST,127,201
1645254672840,POST,133,201
1645254672869,POST,105,201
1645254672841,POST,134,201
1645254672875,POST,100,201
1645254672840,POST,136,201
1645254672873,POST,104,201
1645254672895,POST,88,201
1645254672864,POST,139,201
1645254672932,POST,74,201
1645254672932,POST,83,201
1645254672925,POST,91,201
1645254672932,POST,84,201
1645254672921,POST,95,201
1645254672921,POST,96,201
1645254672926,POST,91,201
1645254672925,POST,93,201
1645254672974,POST,74,201
1645254672975,POST,88,201
1645254672975,POST,90,201
1645254672983,POST,84,201
1645254672973,POST,94,201
1645254672976,POST,95,201
1645254672977,POST,94,201
1645254673006,POST,69,201
1645254673003,POST,78,201
1645254673016,POST,87,201
1645254673018,POST,85,201
1645254673016,POST,87,201
1645254673017,POST,87,201
1645254673015,POST,95,201
1645254673017,POST,198,201
1645254673016,POST,200,201
1645254673048,POST,173,201
1645254673067,POST,185,201
1645254673071,POST,194,201
1645254673065,POST,201,201
1645254673067,POST,199,201
1645254673071,POST,200,201
1645254673081,POST,190,201
1645254673063,POST,208,201
1645254673075,POST,199,201
1645254673103,POST,181,201
1645254673103,POST,181,201
1645254673110,POST,174,201
1645254673103,POST,182,201
1645254673104,POST,199,201
1645254673216,POST,87,201
1645254673221,POST,82,201
1645254673215,POST,95,201
1645254673252,POST,74,201
1645254673266,POST,73,201
1645254673271,POST,69,201
1645254673272,POST,69,201
1645254673266,POST,75,201
1645254673265,POST,76,201
1645254673271,POST,70,201
1645254673274,POST,71,201
1645254673284,POST,78,201
1645254673285,POST,77,201
1645254673284,POST,78,201
1645254673284,POST,78,201
1645254673303,POST,78,201
1645254673310,POST,82,201
1645254673303,POST,89,201
1645254673303,POST,89,201
1645254673341,POST,82,201
1645254673326,POST,97,201
1645254673341,POST,82,201
1645254673341,POST,83,201
1645254673345,POST,82,201
1645254673339,POST,88,201
1645254673341,POST,89,201
1645254673340,POST,95,201
1645254673362,POST,82,201
1645254673362,POST,82,201
1645254673362,POST,82,201
1645254673362,POST,91,201
1645254673392,POST,81,201
1645254673392,POST,82,201
1645254673392,POST,82,201
1645254673381,POST,93,201
1645254673424,POST,78,201
1645254673423,POST,84,201
1645254673435,POST,103,201
1645254673427,POST,111,201
1645254673427,POST,111,201
1645254673423,POST,115,201
1645254673423,POST,115,201
1645254673453,POST,86,201
1645254673444,POST,95,201
1645254673444,POST,95,201
1645254673431,POST,108,201
1645254673444,POST,100,201
1645254673474,POST,90,201
1645254673474,POST,95,201
1645254673473,POST,99,201
1645254673474,POST,98,201
1645254673502,POST,74,201
1645254673507,POST,84,201
1645254673539,POST,71,201
1645254673538,POST,73,201
1645254673539,POST,72,201
1645254673538,POST,75,201
1645254673569,POST,71,201
1645254673538,POST,102,201
1645254673544,POST,100,201
1645254673538,POST,106,201
1645254673539,POST,105,201
1645254673538,POST,106,201
1645254673539,POST,105,201
1645254673564,POST,87,201
1645254673572,POST,89,201
1645254673572,POST,89,201
1645254673576,POST,91,201
1645254673591,POST,91,201
1645254673611,POST,95,201
1645254673611,POST,96,201
1645254673613,POST,100,201
1645254673640,POST,75,201
1645254673610,POST,109,201
1645254673644,POST,75,201
1645254673644,POST,77,201
1645254673640,POST,81,201
1645254673644,POST,77,201
1645254673644,POST,78,201
1645254673651,POST,71,201
1645254673644,POST,78,201
1645254673661,POST,76,201
1645254673661,POST,91,201
1645254673667,POST,85,201
1645254673682,POST,92,201
1645254673706,POST,68,201
1645254673707,POST,79,201
1645254673713,POST,83,201
1645254673719,POST,83,201
1645254673722,POST,81,201
1645254673719,POST,87,201
1645254673715,POST,91,201
1645254673722,POST,84,201
1645254673721,POST,86,201
1645254673721,POST,86,201
1645254673722,POST,85,201
1645254673721,POST,86,201
1645254673737,POST,102,201
1645254673752,POST,90,201
1645254673752,POST,90,201
1645254673774,POST,94,201
1645254673796,POST,96,201
1645254673807,POST,85,201
1645254673786,POST,113,201
1645254673774,POST,125,201
1645254673806,POST,94,201
1645254673803,POST,97,201
1645254673807,POST,93,201
1645254673806,POST,95,201
1645254673806,POST,95,201
1645254673807,POST,95,201
1645254673842,POST,85,201
1645254673839,POST,88,201
1645254673868,POST,75,201
1645254673842,POST,101,201
